CustomerID,Age,Gender,AnnualIncome,SpendingScore,Tenure,PurchaseFrequency,LastPurchaseDaysAgo,CustomerSegment
1,56,Male,100,32,28,11,191,Potential
2,69,Male,133,9,75,21,63,Potential
3,46,Male,59,12,107,14,12,Potential
4,32,Female,64,11,65,8,141,Potential
5,60,Male,81,46,49,18,254,Potential
6,25,Male,112,16,47,19,43,Potential
7,38,Male,134,1,52,16,17,Potential
8,56,Female,86,63,102,2,63,Potential
9,36,Female,75,21,88,8,253,Potential
10,40,Male,59,30,54,22,292,Potential
11,28,Male,117,13,60,6,8,Potential
12,28,Male,59,34,57,12,325,Potential
13,41,Male,110,4,47,15,90,Potential
14,53,Female,52,28,31,8,208,Potential
15,57,Female,25,95,105,4,292,Potential
16,41,Female,99,59,46,15,284,Potential
17,20,Female,111,27,114,20,118,Potential
18,39,Male,116,69,26,17,349,Potential
19,19,Male,78,25,113,13,175,Potential
20,41,Male,78,3,114,18,76,Potential
21,61,Female,67,97,5,2,101,Potential
22,47,Male,32,68,84,13,151,Potential
23,55,Female,126,25,52,13,270,Potential
24,19,Female,64,20,105,22,71,Potential
25,38,Male,108,34,75,15,180,Potential
26,50,Male,119,26,120,20,124,Potential
27,29,Male,26,5,54,10,293,Potential
28,39,Female,64,99,33,3,285,Potential
29,61,Male,77,61,50,19,195,Potential
30,42,Female,50,92,38,3,228,Potential
31,66,Male,42,93,27,22,275,Loyal
32,44,Female,126,9,98,14,106,Potential
33,59,Female,58,50,15,8,21,Potential
34,45,Male,101,6,96,23,64,Potential
35,33,Female,119,83,61,4,165,Potential
36,32,Female,21,60,21,20,27,Potential
37,64,Male,96,44,46,11,311,Potential
38,68,Female,31,11,69,11,285,Potential
39,61,Male,58,66,6,11,148,Potential
40,69,Female,32,47,38,2,281,Potential
41,20,Male,65,73,62,17,326,Loyal
42,54,Male,132,85,86,9,319,Potential
43,68,Female,36,88,62,2,164,Potential
44,24,Female,123,98,82,24,224,Loyal
45,38,Female,117,86,78,15,272,Loyal
46,26,Female,107,3,74,16,146,Potential
47,56,Female,128,76,46,4,356,Potential
48,35,Male,89,92,13,8,30,Potential
49,21,Female,93,30,95,9,45,Potential
50,42,Male,82,90,94,5,275,Potential
51,31,Male,79,21,3,16,34,Potential
52,67,Female,98,28,94,13,141,Potential
53,26,Male,56,90,6,7,318,Potential
54,43,Male,41,62,93,20,221,Potential
55,19,Male,115,33,8,17,356,Potential
56,37,Male,87,85,44,3,22,Potential
57,45,Female,36,35,109,5,180,Potential
58,64,Male,31,52,107,19,329,Potential
59,24,Female,137,34,108,12,231,Potential
60,61,Female,41,41,33,7,38,Potential
61,25,Male,139,51,81,9,70,Potential
62,64,Female,69,47,112,6,116,Potential
63,52,Female,33,82,75,17,239,Loyal
64,31,Female,48,58,77,16,335,Potential
65,34,Male,144,75,50,23,148,Loyal
66,53,Female,26,57,11,3,9,Potential
67,67,Female,48,23,95,21,288,Potential
68,57,Female,52,48,28,4,50,Potential
69,21,Male,130,22,108,10,338,Potential
70,19,Female,98,17,70,5,5,Potential
71,23,Male,77,69,41,21,343,Potential
72,59,Male,45,11,16,22,126,Potential
73,21,Male,48,94,68,10,75,Loyal
74,46,Male,23,15,99,12,165,Potential
75,35,Male,118,91,48,10,278,Loyal
76,43,Male,58,35,56,13,324,Potential
77,61,Female,34,33,64,11,300,Potential
78,51,Male,138,84,59,22,290,Loyal
79,27,Female,48,16,90,16,77,Potential
80,53,Female,94,34,62,8,298,Potential
81,31,Male,135,66,76,8,137,Potential
82,48,Female,51,99,11,8,106,Potential
83,65,Female,149,40,101,13,95,Potential
84,32,Female,103,28,89,2,135,At Risk
85,25,Female,41,47,18,12,68,Potential
86,31,Male,46,39,19,10,147,Potential
87,40,Female,100,70,87,12,159,Loyal
88,57,Male,145,73,55,11,163,Loyal
89,38,Female,111,20,102,15,341,Potential
90,33,Female,40,1,118,16,189,Potential
91,62,Male,66,72,82,17,339,Loyal
92,35,Female,120,87,26,2,95,Potential
93,64,Female,103,63,6,18,181,Potential
94,41,Female,25,67,4,12,288,Potential
95,43,Male,20,4,108,19,322,Potential
96,42,Female,77,58,115,23,187,Potential
97,62,Male,143,25,29,18,138,Potential
98,58,Female,34,47,59,17,130,Potential
99,46,Male,83,38,98,6,194,Potential
100,32,Male,44,15,17,15,316,Potential
101,62,Female,43,63,107,3,273,Potential
102,18,Female,31,21,43,6,352,Potential
103,42,Male,37,99,117,3,144,Potential
104,24,Male,34,57,80,1,16,Potential
105,26,Female,46,53,66,13,302,Potential
106,41,Male,91,46,34,21,245,Potential
107,18,Female,79,14,119,14,107,Potential
108,61,Female,112,100,8,13,88,Loyal
109,25,Female,72,76,13,4,129,Potential
110,41,Female,27,17,106,7,341,Potential
111,28,Male,98,39,8,22,4,Potential
112,68,Female,46,9,94,10,327,Potential
113,34,Male,69,99,96,7,306,Potential
114,25,Female,112,77,100,21,95,Loyal
115,52,Male,43,79,111,15,209,Loyal
116,52,Female,79,82,94,15,225,Loyal
117,50,Male,141,97,65,4,348,Potential
118,22,Male,65,6,43,23,321,Potential
119,59,Female,34,91,39,23,47,Loyal
120,56,Female,36,23,81,6,181,Potential
121,58,Female,145,59,59,24,106,Potential
122,45,Female,103,91,84,20,199,Loyal
123,24,Male,28,98,88,5,106,Potential
124,26,Female,82,46,114,20,280,Potential
125,25,Male,136,38,86,12,260,Potential
126,29,Male,149,14,93,1,108,At Risk
127,51,Female,107,100,86,8,19,Potential
128,50,Male,91,72,44,1,296,Potential
129,65,Male,83,62,9,5,306,Potential
130,40,Male,91,35,37,22,171,Potential
131,41,Male,40,19,74,6,331,Potential
132,54,Female,37,30,36,21,195,Potential
133,52,Female,83,78,101,3,12,Potential
134,61,Female,101,84,92,15,195,Loyal
135,57,Female,129,25,28,5,283,Potential
136,39,Male,114,40,42,24,182,Potential
137,44,Male,51,88,43,14,305,Loyal
138,52,Female,30,14,85,18,144,Potential
139,18,Female,64,26,88,16,316,Potential
140,52,Female,52,87,42,6,182,Potential
141,54,Male,121,22,104,24,30,Potential
142,64,Female,30,48,66,14,84,Potential
143,31,Female,107,83,55,24,166,Loyal
144,20,Female,60,51,72,8,284,Potential
145,18,Male,95,3,48,7,281,Potential
146,22,Male,140,42,91,8,96,Potential
147,43,Male,65,19,22,13,266,Potential
148,31,Male,99,73,101,6,298,Potential
149,56,Male,73,28,27,18,296,Potential
150,44,Male,105,84,93,2,225,Potential
151,26,Male,111,45,67,8,333,Potential
152,32,Male,116,71,108,11,361,Loyal
153,32,Female,21,78,13,1,42,Potential
154,43,Female,52,63,45,22,303,Potential
155,59,Male,96,73,10,6,246,Potential
156,30,Male,135,19,100,16,208,Potential
157,68,Female,122,47,9,20,237,Potential
158,49,Male,122,14,54,12,22,Potential
159,56,Male,109,38,120,11,185,Potential
160,66,Male,141,53,119,10,242,Potential
161,69,Female,125,61,27,3,363,Potential
162,49,Female,138,36,34,13,283,Potential
163,21,Female,68,40,115,3,41,Potential
164,47,Female,123,81,1,15,336,Loyal
165,54,Female,80,30,32,16,162,Potential
166,40,Male,142,9,89,13,160,Potential
167,56,Female,28,64,93,17,89,Potential
168,62,Male,25,33,71,3,322,At Risk
169,32,Male,92,52,113,20,12,Potential
170,60,Female,122,89,67,11,73,Loyal
171,46,Female,60,14,84,21,76,Potential
172,53,Male,133,75,20,19,346,Loyal
173,30,Male,27,53,117,22,201,Potential
174,49,Male,91,99,94,11,10,Loyal
175,24,Female,111,59,35,16,352,Potential
176,68,Female,81,78,99,21,226,Loyal
177,39,Female,103,94,113,3,176,Potential
178,45,Female,81,41,103,22,276,Potential
179,19,Female,130,68,91,6,39,Potential
180,59,Male,146,68,90,14,60,Potential
181,62,Female,26,92,78,24,66,Loyal
182,23,Male,103,8,17,18,321,Potential
183,45,Male,77,2,18,17,124,Potential
184,45,Male,41,86,45,4,164,Potential
185,61,Female,146,41,116,23,159,Potential
186,61,Female,22,55,93,15,57,Potential
187,37,Female,146,16,84,11,78,Potential
188,47,Male,60,93,53,3,194,Potential
189,28,Male,125,62,91,3,285,Potential
190,45,Male,33,48,82,16,15,Potential
191,42,Male,31,30,68,5,12,Potential
192,56,Male,106,12,65,21,101,Potential
193,50,Male,31,35,114,10,156,Potential
194,18,Female,44,11,1,19,340,Potential
195,44,Female,64,64,58,4,125,Potential
196,69,Female,141,50,26,19,359,Potential
197,30,Female,74,85,109,11,280,Loyal
198,58,Male,119,21,20,2,110,At Risk
199,20,Male,138,69,116,10,334,Potential
200,56,Female,72,48,87,11,357,Potential
201,23,Male,51,20,10,20,146,Potential
202,25,Female,70,67,59,16,216,Potential
203,44,Female,63,44,75,19,162,Potential
204,26,Female,101,33,41,23,128,Potential
205,54,Male,56,73,105,24,314,Loyal
206,50,Female,115,61,5,11,332,Potential
207,68,Female,75,9,65,14,150,Potential
208,59,Female,124,68,17,2,36,Potential
209,61,Male,78,35,22,23,173,Potential
210,41,Male,54,81,98,5,22,Potential
211,32,Female,112,98,120,5,206,Potential
212,49,Male,116,88,109,19,127,Loyal
213,49,Male,95,96,41,21,336,Loyal
214,41,Male,68,65,93,12,356,Potential
215,58,Male,113,8,68,18,217,Potential
216,69,Male,43,45,69,4,96,Potential
217,66,Male,56,87,11,22,164,Loyal
218,66,Male,23,47,56,17,148,Potential
219,69,Male,127,40,51,10,18,Potential
220,29,Male,145,76,21,20,294,Loyal
221,56,Male,39,54,99,6,195,Potential
222,19,Female,69,76,76,14,151,Loyal
223,20,Female,115,46,26,11,123,Potential
224,66,Male,124,47,115,11,187,Potential
225,54,Female,136,15,19,18,149,Potential
226,66,Female,117,19,109,23,104,Potential
227,34,Male,85,26,60,22,243,Potential
228,66,Male,98,52,71,18,231,Potential
229,19,Male,25,93,47,24,206,Loyal
230,19,Female,58,22,119,23,198,Potential
231,45,Female,134,21,71,11,337,Potential
232,40,Male,144,51,26,21,87,Potential
233,54,Male,31,38,40,12,142,Potential
234,49,Male,37,20,5,5,317,Potential
235,50,Female,59,29,21,23,199,Potential
236,18,Female,40,51,78,9,46,Potential
237,36,Female,118,4,4,9,288,Potential
238,19,Female,45,55,23,22,15,Potential
239,61,Male,27,71,106,10,44,Loyal
240,43,Male,119,92,84,22,169,Loyal
241,49,Male,106,28,15,19,310,Potential
242,23,Male,61,4,114,1,44,At Risk
243,49,Female,33,22,116,7,98,Potential
244,21,Female,97,76,109,4,261,Potential
245,28,Male,21,45,93,1,109,Potential
246,34,Male,138,67,8,15,283,Potential
247,55,Female,56,86,41,8,343,Potential
248,41,Male,88,66,112,12,104,Potential
249,22,Female,60,88,19,22,256,Loyal
250,69,Male,81,34,112,22,206,Potential
251,51,Male,79,91,103,18,335,Loyal
252,23,Male,144,55,46,15,43,Potential
253,39,Male,130,1,28,17,353,Potential
254,28,Male,33,72,110,14,245,Loyal
255,65,Male,103,87,91,14,287,Loyal
256,33,Male,149,38,68,18,355,Potential
257,50,Female,89,6,15,20,273,Potential
258,26,Female,142,86,99,18,83,Loyal
259,23,Female,108,25,37,16,110,Potential
260,33,Female,47,82,1,1,190,Potential
261,46,Female,85,17,67,23,288,Potential
262,20,Male,24,61,111,11,251,Potential
263,37,Male,64,12,24,15,212,Potential
264,53,Female,66,6,27,12,291,Potential
265,36,Male,50,90,40,8,133,Potential
266,43,Female,29,27,63,22,201,Potential
267,20,Female,137,8,61,20,285,Potential
268,36,Male,33,83,36,6,326,Potential
269,37,Male,99,65,98,3,95,Potential
270,49,Male,112,57,93,24,278,Potential
271,24,Female,29,93,24,13,325,Loyal
272,69,Male,95,99,24,13,219,Loyal
273,58,Female,113,40,106,2,89,Potential
274,50,Female,124,14,4,5,72,Potential
275,57,Female,20,35,67,17,247,Potential
276,56,Male,39,48,34,6,129,Potential
277,35,Male,27,84,57,2,212,Potential
278,57,Female,20,56,49,4,343,Potential
279,18,Male,76,49,87,22,96,Potential
280,28,Male,83,13,53,11,75,Potential
281,45,Male,137,61,120,8,54,Potential
282,42,Female,47,49,116,12,344,Potential
283,67,Female,140,46,23,8,54,Potential
284,40,Male,126,62,109,11,218,Potential
285,48,Female,68,8,69,22,16,Potential
286,47,Male,139,43,95,20,99,Potential
287,59,Male,63,20,53,8,20,Potential
288,52,Male,75,97,62,8,46,Potential
289,24,Male,130,90,41,17,193,Loyal
290,33,Female,127,39,57,20,58,Potential
291,43,Female,133,85,60,20,111,Loyal
292,65,Female,97,49,54,23,129,Potential
293,69,Male,149,64,70,16,337,Potential
294,66,Male,56,62,101,14,194,Potential
295,19,Male,39,54,57,11,340,Potential
296,18,Female,45,9,10,7,326,Potential
297,65,Male,48,88,40,16,8,Loyal
298,29,Female,20,37,7,13,29,Potential
299,22,Female,138,49,103,15,112,Potential
300,54,Female,54,41,38,24,161,Potential
301,49,Female,78,17,85,16,131,Potential
302,26,Female,88,88,61,21,188,Loyal
303,58,Female,31,21,84,23,163,Potential
304,52,Male,39,51,3,24,197,Potential
305,36,Male,62,59,51,9,364,Potential
306,65,Female,145,39,86,3,204,At Risk
307,33,Female,69,55,47,19,212,Potential
308,20,Male,48,41,68,20,109,Potential
309,37,Female,58,39,92,5,276,Potential
310,41,Female,57,13,76,10,73,Potential
311,50,Male,103,64,38,17,167,Potential
312,41,Female,147,11,115,15,260,Potential
313,69,Female,145,19,36,23,243,Potential
314,28,Female,64,11,111,8,275,Potential
315,66,Male,71,77,41,15,102,Loyal
316,25,Male,99,46,69,21,173,Potential
317,53,Male,143,45,13,14,171,Potential
318,55,Female,138,1,87,20,141,Potential
319,57,Female,27,40,58,7,188,Potential
320,37,Male,104,19,50,21,86,Potential
321,52,Female,148,76,30,23,52,Loyal
322,65,Female,27,72,62,12,111,Loyal
323,42,Female,115,72,101,17,342,Loyal
324,52,Female,121,61,25,17,43,Potential
325,42,Female,24,12,112,10,211,Potential
326,46,Male,105,61,27,19,200,Potential
327,35,Female,53,33,51,14,298,Potential
328,63,Male,74,45,78,11,346,Potential
329,35,Female,138,90,57,2,240,Potential
330,19,Male,133,92,112,18,115,Loyal
331,52,Female,45,69,47,7,26,Potential
332,33,Male,66,8,118,12,299,Potential
333,58,Female,132,25,100,2,77,At Risk
334,53,Male,95,91,39,20,137,Loyal
335,50,Female,91,46,16,18,20,Potential
336,21,Male,108,87,120,6,211,Potential
337,50,Female,65,30,22,24,240,Potential
338,31,Male,52,47,85,10,39,Potential
339,38,Male,20,87,54,20,268,Loyal
340,65,Female,50,49,21,15,207,Potential
341,37,Female,72,47,72,5,267,Potential
342,25,Male,67,84,113,20,154,Loyal
343,24,Female,88,82,16,3,42,Potential
344,20,Male,124,18,59,5,11,Potential
345,34,Male,109,66,119,8,294,Potential
346,50,Male,82,68,31,8,98,Potential
347,65,Female,92,94,42,8,275,Potential
348,29,Male,108,33,74,12,230,Potential
349,68,Male,32,36,32,24,220,Potential
350,39,Female,92,82,59,23,65,Loyal
351,39,Female,96,19,34,8,355,Potential
352,63,Female,87,28,9,11,232,Potential
353,47,Female,117,40,81,14,328,Potential
354,55,Male,144,84,11,8,52,Potential
355,55,Male,121,97,96,24,263,Loyal
356,62,Male,121,76,10,10,267,Loyal
357,68,Male,38,15,86,7,359,Potential
358,25,Female,101,41,17,17,317,Potential
359,44,Male,42,39,68,4,324,At Risk
360,44,Male,102,2,48,13,154,Potential
361,51,Female,128,63,52,4,358,Potential
362,38,Male,94,29,111,5,140,Potential
363,47,Male,148,74,25,22,51,Loyal
364,50,Male,107,66,21,4,117,Potential
365,45,Male,73,51,101,18,46,Potential
366,64,Male,108,75,102,6,309,Potential
367,50,Male,84,77,113,24,88,Loyal
368,22,Female,95,10,65,24,208,Potential
369,65,Female,79,14,63,23,269,Potential
370,36,Male,112,82,89,22,89,Loyal
371,21,Male,68,51,51,2,118,Potential
372,52,Female,54,73,36,23,54,Loyal
373,66,Male,121,39,81,11,116,Potential
374,34,Male,30,28,105,14,118,Potential
375,61,Male,118,3,88,5,260,Potential
376,45,Female,129,84,66,6,75,Potential
377,47,Male,93,70,104,10,305,Loyal
378,46,Female,28,27,15,8,7,Potential
379,63,Male,22,2,96,14,122,Potential
380,23,Female,104,93,39,24,11,Loyal
381,52,Female,45,38,70,3,348,At Risk
382,58,Male,91,3,1,12,215,Potential
383,54,Female,67,16,111,16,279,Potential
384,41,Male,136,94,23,23,28,Loyal
385,46,Female,31,40,39,17,235,Potential
386,66,Male,67,2,57,1,313,At Risk
387,63,Male,56,81,81,23,26,Loyal
388,48,Female,63,41,34,10,54,Potential
389,52,Male,34,12,41,23,29,Potential
390,50,Male,62,35,93,10,353,Potential
391,69,Female,106,65,73,21,164,Potential
392,38,Male,89,55,13,24,270,Potential
393,49,Male,65,45,70,2,334,Potential
394,40,Female,127,79,6,9,35,Potential
395,50,Female,142,90,84,22,286,Loyal
396,20,Male,40,85,52,13,348,Loyal
397,35,Male,126,62,117,16,273,Potential
398,42,Female,99,49,3,18,208,Potential
399,59,Female,66,95,81,19,238,Loyal
400,48,Male,136,25,63,12,93,Potential
401,20,Female,143,23,49,8,173,Potential
402,57,Male,44,24,76,17,79,Potential
403,63,Male,55,38,112,15,110,Potential
404,41,Male,70,28,47,10,217,Potential
405,67,Male,34,21,109,15,358,Potential
406,49,Male,87,54,55,15,106,Potential
407,64,Female,40,18,64,23,47,Potential
408,39,Female,38,36,65,7,181,Potential
409,40,Female,53,99,81,13,64,Loyal
410,19,Female,97,45,67,17,246,Potential
411,44,Male,144,73,90,9,244,Potential
412,59,Male,136,53,15,8,320,Potential
413,19,Male,71,30,100,20,87,Potential
414,43,Male,46,60,32,21,217,Potential
415,34,Female,54,98,96,18,7,Loyal
416,57,Male,125,32,68,13,278,Potential
417,50,Male,21,67,18,16,337,Potential
418,26,Female,96,67,113,9,210,Potential
419,60,Female,109,28,83,12,169,Potential
420,65,Female,108,44,43,12,330,Potential
421,56,Female,113,79,116,6,138,Potential
422,46,Male,26,41,35,19,306,Potential
423,59,Male,114,63,104,7,230,Potential
424,43,Female,127,23,78,3,308,At Risk
425,52,Male,93,75,58,16,161,Loyal
426,67,Male,58,48,33,18,1,Potential
427,42,Male,90,32,14,16,236,Potential
428,41,Female,75,57,34,23,188,Potential
429,30,Male,61,100,61,7,4,Potential
430,24,Female,55,33,119,4,132,At Risk
431,53,Male,103,24,4,8,218,Potential
432,62,Male,137,39,88,13,260,Potential
433,37,Male,26,34,59,13,1,Potential
434,18,Female,73,56,29,17,71,Potential
435,25,Male,148,28,83,17,178,Potential
436,63,Female,139,37,6,5,189,Potential
437,33,Female,125,7,97,6,291,Potential
438,31,Female,66,68,49,19,8,Potential
439,29,Male,142,37,40,13,253,Potential
440,68,Male,138,56,83,14,292,Potential
441,40,Male,137,65,117,22,244,Potential
442,32,Male,40,65,65,4,123,Potential
443,45,Female,45,47,69,7,299,Potential
444,51,Female,28,20,27,8,283,Potential
445,19,Female,34,19,80,13,32,Potential
446,49,Male,29,29,6,6,334,Potential
447,40,Female,141,74,104,6,146,Potential
448,39,Male,140,60,13,24,156,Potential
449,68,Female,144,18,112,21,16,Potential
450,42,Male,91,92,64,3,355,Potential
451,39,Male,68,35,62,3,47,At Risk
452,39,Female,110,43,99,13,251,Potential
453,66,Female,56,95,19,22,187,Loyal
454,69,Female,87,91,76,2,31,Potential
455,59,Female,69,11,80,16,260,Potential
456,23,Male,38,49,43,22,17,Potential
457,32,Female,119,38,74,6,39,Potential
458,60,Female,79,64,89,8,304,Potential
459,54,Female,108,69,20,23,39,Potential
460,50,Male,88,8,95,8,132,Potential
461,25,Male,68,34,68,6,30,Potential
462,61,Female,127,48,44,14,158,Potential
463,61,Male,138,56,23,3,278,Potential
464,22,Female,56,76,2,10,203,Loyal
465,56,Male,30,65,120,3,66,Potential
466,21,Male,97,31,22,12,108,Potential
467,23,Male,96,4,115,17,268,Potential
468,62,Male,21,50,57,5,222,Potential
469,49,Female,83,69,101,20,292,Potential
470,69,Female,54,30,72,9,18,Potential
471,47,Female,26,88,7,21,90,Loyal
472,64,Male,104,59,78,20,181,Potential
473,52,Female,86,67,56,7,255,Potential
474,57,Female,61,75,119,22,253,Loyal
475,69,Female,137,45,67,4,257,Potential
476,33,Male,144,4,114,13,346,Potential
477,30,Male,43,26,16,13,87,Potential
478,67,Male,65,27,119,10,90,Potential
479,59,Female,38,46,83,18,237,Potential
480,47,Female,87,64,51,17,70,Potential
481,36,Female,121,91,82,20,44,Loyal
482,34,Male,61,51,116,20,200,Potential
483,36,Male,51,50,80,13,152,Potential
484,45,Female,128,6,72,17,86,Potential
485,43,Male,55,59,97,22,19,Potential
486,54,Male,116,15,113,4,101,At Risk
487,43,Male,92,30,12,1,95,At Risk
488,40,Male,116,42,53,1,254,Potential
489,26,Female,142,37,75,15,357,Potential
490,29,Male,89,42,5,13,30,Potential
491,18,Male,32,35,27,17,249,Potential
492,18,Male,68,87,12,24,33,Loyal
493,64,Male,79,6,17,8,229,Potential
494,51,Female,149,68,6,18,12,Potential
495,49,Female,24,18,97,13,118,Potential
496,65,Male,46,73,5,23,350,Loyal
497,42,Male,27,29,57,14,155,Potential
498,57,Male,69,77,28,8,246,Potential
499,62,Male,86,59,78,8,332,Potential
500,18,Male,63,47,69,15,247,Potential
501,33,Male,144,17,118,13,29,Potential
502,56,Female,77,96,120,7,161,Potential
503,22,Male,22,22,59,5,235,Potential
504,39,Female,105,68,33,17,190,Potential
505,46,Female,89,69,62,16,117,Potential
506,20,Male,149,37,50,23,271,Potential
507,29,Female,21,49,112,2,258,Potential
508,43,Female,121,13,105,22,180,Potential
509,33,Female,54,34,19,18,172,Potential
510,68,Female,117,86,86,17,274,Loyal
511,54,Female,49,53,69,7,259,Potential
512,39,Female,135,87,66,13,135,Loyal
513,46,Male,27,51,94,18,171,Potential
514,31,Female,63,3,47,14,210,Potential
515,45,Female,55,42,39,18,236,Potential
516,22,Female,96,98,68,13,186,Loyal
517,64,Male,50,32,33,11,364,Potential
518,66,Female,66,51,13,21,95,Potential
519,47,Male,74,85,84,21,11,Loyal
520,63,Female,125,46,54,16,68,Potential
521,69,Male,140,21,7,23,210,Potential
522,22,Male,74,44,79,17,196,Potential
523,29,Female,31,11,87,8,98,Potential
524,33,Female,22,68,14,19,93,Potential
525,43,Male,49,1,87,20,22,Potential
526,43,Female,42,92,19,15,172,Loyal
527,65,Male,111,63,54,9,134,Potential
528,38,Male,134,24,93,20,25,Potential
529,56,Male,123,99,120,10,185,Loyal
530,53,Male,137,13,20,12,85,Potential
531,50,Male,24,98,29,21,55,Loyal
532,47,Female,123,11,24,23,251,Potential
533,54,Male,127,100,82,20,144,Loyal
534,40,Male,84,51,63,1,351,Potential
535,27,Female,140,17,74,20,167,Potential
536,22,Male,49,99,105,9,224,Potential
537,53,Female,103,82,57,22,220,Loyal
538,51,Female,51,86,8,15,179,Loyal
539,69,Female,35,24,90,1,119,At Risk
540,48,Male,57,19,62,12,265,Potential
541,27,Male,55,37,29,3,150,At Risk
542,36,Male,133,85,74,11,215,Loyal
543,49,Female,85,8,17,2,197,At Risk
544,18,Male,124,28,66,16,42,Potential
545,22,Female,104,5,6,9,53,Potential
546,62,Male,21,17,58,15,330,Potential
547,21,Female,94,36,69,12,251,Potential
548,33,Male,86,19,28,1,295,At Risk
549,41,Male,74,64,62,13,271,Potential
550,33,Male,25,91,41,14,123,Loyal
551,19,Female,105,98,69,8,339,Potential
552,66,Female,79,11,82,8,266,Potential
553,45,Male,120,54,90,12,348,Potential
554,49,Male,31,45,84,1,29,Potential
555,44,Female,68,47,41,11,35,Potential
556,37,Female,61,12,49,8,6,Potential
557,41,Female,101,21,91,10,111,Potential
558,29,Male,54,11,49,19,294,Potential
559,67,Female,86,92,76,11,77,Loyal
560,52,Male,99,5,71,7,349,Potential
561,50,Female,26,81,3,11,147,Loyal
562,50,Male,33,56,10,17,67,Potential
563,68,Female,92,20,98,1,8,At Risk
564,60,Female,85,41,89,21,122,Potential
565,54,Female,110,46,35,21,340,Potential
566,29,Female,149,12,80,8,175,Potential
567,20,Female,39,70,2,23,179,Loyal
568,18,Male,29,17,24,24,85,Potential
569,50,Female,44,19,74,6,45,Potential
570,57,Female,44,26,38,22,136,Potential
571,27,Female,73,48,22,18,343,Potential
572,60,Male,52,52,26,6,16,Potential
573,61,Female,114,96,43,5,333,Potential
574,46,Male,33,70,55,13,195,Loyal
575,30,Female,84,55,39,19,9,Potential
576,29,Female,129,100,91,22,316,Loyal
577,48,Male,99,75,29,8,334,Potential
578,63,Female,73,33,111,9,333,Potential
579,19,Male,144,62,102,17,327,Potential
580,68,Male,44,88,20,3,15,Potential
581,67,Female,136,23,91,19,327,Potential
582,52,Male,44,15,41,11,102,Potential
583,40,Female,98,27,54,24,226,Potential
584,34,Female,87,75,20,17,278,Loyal
585,43,Male,31,64,108,21,113,Potential
586,25,Male,51,81,19,19,1,Loyal
587,46,Male,147,51,84,2,266,Potential
588,43,Male,115,53,99,8,208,Potential
589,27,Female,111,78,111,19,110,Loyal
590,43,Female,50,91,66,7,200,Potential
591,51,Male,97,82,30,17,306,Loyal
592,68,Female,39,92,53,6,12,Potential
593,58,Female,79,51,34,19,345,Potential
594,24,Female,112,47,22,24,188,Potential
595,21,Female,62,4,67,6,154,Potential
596,67,Male,149,7,6,2,334,At Risk
597,62,Male,79,35,79,6,279,Potential
598,28,Female,50,48,27,23,171,Potential
599,46,Male,24,73,10,5,134,Potential
600,53,Male,29,72,73,19,25,Loyal
601,42,Male,108,45,97,20,18,Potential
602,38,Female,149,81,96,4,190,Potential
603,53,Female,145,81,48,22,141,Loyal
604,27,Female,30,97,70,17,43,Loyal
605,54,Male,75,96,105,11,334,Loyal
606,26,Female,102,72,59,4,284,Potential
607,41,Female,118,19,100,13,146,Potential
608,52,Male,92,63,59,20,315,Potential
609,66,Female,134,38,2,17,319,Potential
610,52,Female,26,67,29,9,92,Potential
611,65,Male,99,59,68,4,179,Potential
612,53,Male,116,69,65,23,56,Potential
613,35,Male,23,13,83,14,155,Potential
614,66,Female,23,47,26,19,160,Potential
615,56,Female,122,61,89,3,111,Potential
616,49,Female,59,31,10,14,137,Potential
617,41,Male,36,80,53,8,232,Potential
618,40,Male,120,96,79,24,220,Loyal
619,49,Female,122,22,59,1,68,At Risk
620,54,Female,143,93,22,10,302,Loyal
621,29,Male,71,86,51,18,249,Loyal
622,66,Male,71,43,48,16,323,Potential
623,30,Male,143,67,21,8,6,Potential
624,40,Male,82,54,120,1,280,Potential
625,42,Female,135,10,22,12,94,Potential
626,52,Male,81,42,100,8,269,Potential
627,58,Female,26,64,98,24,197,Potential
628,47,Female,111,21,30,16,25,Potential
629,34,Female,33,80,25,18,148,Loyal
630,66,Male,105,76,109,4,118,Potential
631,37,Male,149,66,28,6,338,Potential
632,65,Male,81,41,65,12,338,Potential
633,42,Male,98,24,113,9,66,Potential
634,39,Female,77,35,45,15,301,Potential
635,30,Male,139,56,68,16,175,Potential
636,36,Male,84,30,7,24,319,Potential
637,66,Female,32,57,49,12,76,Potential
638,53,Male,101,94,9,24,114,Loyal
639,29,Female,71,47,36,23,111,Potential
640,58,Female,136,35,83,14,249,Potential
641,36,Female,45,19,1,13,203,Potential
642,29,Female,53,8,10,2,147,At Risk
643,26,Female,71,26,36,3,35,At Risk
644,24,Female,131,71,73,24,309,Loyal
645,45,Female,101,30,109,22,26,Potential
646,31,Female,61,7,46,10,238,Potential
647,48,Male,40,67,106,9,14,Potential
648,69,Male,61,65,32,20,45,Potential
649,36,Male,132,36,32,8,216,Potential
650,64,Male,124,25,6,10,233,Potential
651,33,Female,36,37,48,19,193,Potential
652,22,Male,139,1,38,3,51,At Risk
653,52,Female,148,15,17,24,214,Potential
654,29,Male,149,37,74,5,151,Potential
655,42,Male,79,13,114,3,275,At Risk
656,69,Male,67,8,27,16,338,Potential
657,38,Female,48,5,54,17,76,Potential
658,53,Male,116,60,50,15,220,Potential
659,40,Female,29,73,35,3,348,Potential
660,33,Female,77,1,116,12,187,Potential
661,56,Male,40,36,85,9,289,Potential
662,62,Male,47,35,25,21,28,Potential
663,59,Male,53,66,28,12,180,Potential
664,56,Female,27,63,111,15,253,Potential
665,31,Male,98,23,15,2,126,At Risk
666,48,Female,106,9,4,23,177,Potential
667,22,Female,107,34,93,18,37,Potential
668,52,Male,88,46,73,20,99,Potential
669,40,Male,106,78,27,12,98,Loyal
670,46,Female,120,4,26,23,127,Potential
671,60,Female,27,30,19,4,168,At Risk
672,28,Female,96,95,120,23,80,Loyal
673,35,Male,106,75,92,16,294,Loyal
674,64,Female,62,99,17,23,333,Loyal
675,29,Male,148,72,43,16,126,Loyal
676,26,Female,128,3,41,1,343,At Risk
677,27,Female,36,14,42,22,310,Potential
678,61,Male,40,60,50,2,150,Potential
679,34,Female,77,77,84,3,16,Potential
680,55,Male,129,45,109,21,28,Potential
681,24,Male,47,96,40,20,173,Loyal
682,63,Female,70,34,39,17,46,Potential
683,30,Male,24,45,113,20,328,Potential
684,57,Male,24,61,117,22,236,Potential
685,59,Female,113,83,23,21,214,Loyal
686,26,Male,115,16,111,1,85,At Risk
687,67,Male,27,66,96,20,282,Potential
688,44,Male,83,40,52,6,232,Potential
689,19,Female,57,17,47,15,85,Potential
690,22,Male,130,34,63,14,65,Potential
691,46,Female,131,16,97,20,134,Potential
692,54,Female,100,60,110,15,151,Potential
693,55,Male,123,66,69,14,115,Potential
694,36,Male,92,66,43,21,64,Potential
695,25,Male,68,90,48,24,343,Loyal
696,65,Female,55,13,34,5,363,Potential
697,62,Male,145,56,40,6,352,Potential
698,18,Male,87,31,75,17,158,Potential
699,39,Male,97,34,61,11,77,Potential
700,69,Male,124,39,50,16,146,Potential
701,34,Male,141,67,67,12,343,Potential
702,24,Female,138,8,62,15,225,Potential
703,42,Female,133,87,58,23,313,Loyal
704,62,Male,29,78,33,4,103,Potential
705,21,Male,110,55,75,18,347,Potential
706,53,Male,21,27,16,21,301,Potential
707,23,Male,137,93,82,3,88,Potential
708,48,Female,32,53,94,22,303,Potential
709,36,Male,114,39,48,8,168,Potential
710,61,Female,51,65,119,23,170,Potential
711,56,Female,51,17,10,3,135,At Risk
712,44,Male,143,30,82,8,50,Potential
713,27,Female,30,53,38,18,340,Potential
714,43,Female,29,13,19,10,347,Potential
715,36,Female,34,21,36,20,134,Potential
716,56,Female,36,19,59,17,347,Potential
717,20,Male,78,53,63,8,137,Potential
718,62,Male,97,19,77,23,245,Potential
719,30,Female,143,57,120,11,109,Potential
720,67,Male,133,25,46,5,313,Potential
721,45,Male,41,86,3,13,287,Loyal
722,37,Male,51,31,74,21,21,Potential
723,45,Male,132,81,102,23,90,Loyal
724,25,Male,139,55,65,5,296,Potential
725,58,Female,141,23,119,24,112,Potential
726,56,Male,51,32,120,13,301,Potential
727,18,Male,138,62,91,6,77,Potential
728,20,Male,58,74,110,5,177,Potential
729,30,Male,31,10,8,9,343,Potential
730,45,Female,37,100,51,16,148,Loyal
731,66,Female,145,72,110,2,101,Potential
732,42,Female,65,54,106,1,246,Potential
733,50,Female,123,52,81,8,117,Potential
734,55,Male,105,20,73,19,92,Potential
735,23,Female,108,32,6,11,28,Potential
736,61,Male,41,14,107,12,25,Potential
737,62,Male,111,50,89,12,58,Potential
738,49,Male,48,28,39,7,297,Potential
739,62,Male,32,53,113,13,134,Potential
740,64,Male,21,24,60,8,331,Potential
741,38,Female,48,79,28,22,249,Loyal
742,33,Female,46,22,97,9,38,Potential
743,38,Female,69,30,54,7,75,Potential
744,28,Female,114,63,37,21,142,Potential
745,54,Male,107,4,9,24,322,Potential
746,53,Female,63,77,82,15,168,Loyal
747,52,Male,41,59,56,2,259,Potential
748,36,Female,116,87,59,23,355,Loyal
749,37,Male,22,8,85,20,225,Potential
750,35,Male,137,82,2,12,152,Loyal
751,64,Female,38,12,61,1,19,At Risk
752,58,Male,42,31,58,23,146,Potential
753,66,Male,49,78,107,22,241,Loyal
754,31,Female,58,34,60,8,344,Potential
755,32,Male,127,82,102,5,237,Potential
756,48,Female,130,98,40,15,35,Loyal
757,18,Female,44,75,36,1,190,Potential
758,20,Female,147,76,114,1,1,Potential
759,33,Male,130,49,107,10,153,Potential
760,40,Male,125,79,37,22,126,Loyal
761,28,Male,91,57,79,10,345,Potential
762,29,Female,148,95,92,21,226,Loyal
763,27,Male,127,93,18,15,221,Loyal
764,49,Female,24,26,98,17,211,Potential
765,33,Female,22,18,63,22,25,Potential
766,25,Male,123,96,22,6,16,Potential
767,55,Female,83,86,11,3,182,Potential
768,29,Male,125,38,58,13,329,Potential
769,41,Male,117,81,57,16,129,Loyal
770,45,Male,29,87,77,8,42,Potential
771,25,Male,147,88,4,15,336,Loyal
772,45,Male,65,50,86,17,236,Potential
773,53,Female,85,8,7,17,360,Potential
774,43,Female,131,41,61,22,34,Potential
775,25,Female,32,6,107,13,345,Potential
776,67,Male,105,69,54,17,45,Potential
777,45,Male,109,44,88,6,134,Potential
778,45,Male,77,64,68,17,21,Potential
779,54,Female,73,29,92,16,122,Potential
780,58,Male,31,28,79,14,70,Potential
781,53,Female,33,11,1,13,352,Potential
782,44,Female,140,65,55,6,361,Potential
783,34,Male,140,19,3,3,48,At Risk
784,26,Male,39,9,78,14,39,Potential
785,50,Female,94,27,38,14,287,Potential
786,37,Male,89,34,114,15,10,Potential
787,30,Female,75,44,1,8,30,Potential
788,45,Male,120,68,102,15,244,Potential
789,65,Male,130,100,38,22,274,Loyal
790,46,Female,144,82,85,13,88,Loyal
791,30,Male,39,15,112,17,244,Potential
792,63,Female,43,51,29,21,329,Potential
793,52,Male,56,13,5,24,15,Potential
794,23,Female,73,83,113,3,4,Potential
795,35,Female,122,49,74,6,191,Potential
796,68,Male,57,70,92,5,168,Potential
797,22,Female,23,56,21,22,9,Potential
798,64,Male,76,76,114,17,109,Loyal
799,42,Male,39,51,71,23,137,Potential
800,19,Male,36,37,67,2,154,At Risk
801,27,Female,138,17,109,15,209,Potential
802,47,Female,90,58,47,5,272,Potential
803,67,Male,23,87,84,20,143,Loyal
804,62,Male,33,90,83,6,99,Potential
805,22,Female,22,29,35,6,308,Potential
806,50,Male,99,33,68,18,69,Potential
807,18,Male,74,60,69,18,247,Potential
808,35,Female,139,91,1,4,261,Potential
809,49,Male,43,89,68,17,276,Loyal
810,64,Female,101,55,12,14,79,Potential
811,66,Male,79,10,60,14,146,Potential
812,28,Female,68,47,27,13,111,Potential
813,38,Male,82,23,56,7,258,Potential
814,43,Male,129,85,106,12,93,Loyal
815,42,Female,128,21,23,23,13,Potential
816,39,Male,95,13,25,15,260,Potential
817,44,Female,49,33,21,19,109,Potential
818,66,Male,77,24,61,11,330,Potential
819,30,Female,136,11,63,15,189,Potential
820,50,Female,119,17,52,12,95,Potential
821,51,Female,38,68,88,3,105,Potential
822,58,Female,113,47,25,17,8,Potential
823,52,Male,132,25,109,3,67,At Risk
824,18,Male,82,94,55,19,191,Loyal
825,38,Female,135,73,46,20,256,Loyal
826,65,Female,132,21,32,4,9,At Risk
827,23,Female,66,84,55,3,117,Potential
828,45,Male,76,83,96,16,267,Loyal
829,34,Male,137,83,5,12,99,Loyal
830,22,Male,64,12,36,8,298,Potential
831,48,Male,23,37,110,24,164,Potential
832,22,Female,66,42,106,17,141,Potential
833,55,Female,66,17,49,7,268,Potential
834,20,Female,97,48,106,11,37,Potential
835,40,Male,143,28,58,18,74,Potential
836,54,Male,94,41,39,1,73,Potential
837,54,Male,122,99,80,3,308,Potential
838,27,Female,109,47,97,4,199,Potential
839,27,Female,88,18,113,13,130,Potential
840,36,Male,80,78,85,6,246,Potential
841,34,Female,69,99,61,14,312,Loyal
842,38,Male,22,71,9,5,60,Potential
843,31,Male,126,13,6,16,279,Potential
844,26,Female,132,82,115,15,103,Loyal
845,63,Male,113,13,109,15,296,Potential
846,18,Female,137,100,35,4,320,Potential
847,68,Male,100,31,39,8,341,Potential
848,62,Female,128,2,22,16,151,Potential
849,30,Female,70,16,41,16,157,Potential
850,21,Female,54,9,118,4,206,At Risk
851,18,Male,65,73,5,13,179,Loyal
852,66,Male,88,38,42,13,197,Potential
853,57,Female,112,75,87,2,223,Potential
854,49,Female,83,54,81,3,89,Potential
855,51,Male,68,56,76,22,287,Potential
856,45,Male,93,86,87,8,276,Potential
857,48,Male,24,97,80,24,236,Loyal
858,25,Female,119,100,67,15,183,Loyal
859,56,Male,89,87,30,11,209,Loyal
860,43,Male,109,45,57,9,130,Potential
861,51,Female,23,34,86,7,153,Potential
862,20,Male,145,9,73,13,13,Potential
863,67,Male,58,88,29,2,122,Potential
864,29,Male,148,8,111,8,359,Potential
865,18,Female,43,7,37,7,220,Potential
866,61,Female,76,36,87,24,106,Potential
867,22,Female,119,18,13,12,70,Potential
868,47,Female,89,3,32,19,195,Potential
869,47,Female,60,28,46,7,186,Potential
870,34,Female,79,70,116,10,99,Loyal
871,65,Female,127,44,111,16,82,Potential
872,64,Male,76,21,112,3,75,At Risk
873,40,Male,50,28,23,10,340,Potential
874,32,Female,103,54,45,6,192,Potential
875,54,Male,55,54,17,18,325,Potential
876,38,Male,127,65,119,18,214,Potential
877,31,Female,125,100,104,5,315,Potential
878,19,Male,105,21,85,21,318,Potential
879,28,Male,33,99,66,7,144,Potential
880,68,Male,139,13,101,2,216,At Risk
881,56,Male,99,57,6,11,361,Potential
882,55,Male,125,49,108,13,324,Potential
883,51,Female,89,54,18,23,15,Potential
884,55,Female,63,10,94,5,217,Potential
885,67,Female,92,53,22,6,35,Potential
886,51,Male,64,44,118,24,183,Potential
887,35,Female,126,47,33,14,270,Potential
888,47,Male,103,53,30,12,358,Potential
889,32,Male,101,74,81,4,100,Potential
890,44,Male,126,46,107,23,7,Potential
891,68,Male,40,13,32,6,30,Potential
892,51,Female,26,37,42,10,305,Potential
893,69,Female,89,24,115,18,144,Potential
894,55,Male,146,2,78,15,111,Potential
895,50,Female,139,86,10,8,232,Potential
896,41,Male,147,81,111,9,179,Potential
897,32,Female,76,100,115,5,72,Potential
898,47,Female,77,14,36,10,210,Potential
899,59,Male,40,10,34,20,220,Potential
900,68,Female,101,35,73,6,80,Potential
901,34,Male,88,25,106,16,83,Potential
902,22,Female,106,3,28,24,42,Potential
903,46,Male,68,17,11,3,273,At Risk
904,21,Male,134,12,78,10,191,Potential
905,27,Female,108,54,39,11,173,Potential
906,34,Female,104,24,119,11,7,Potential
907,27,Male,147,29,47,17,155,Potential
908,34,Female,136,43,118,4,10,Potential
909,37,Female,146,25,19,4,34,At Risk
910,41,Male,90,100,118,17,36,Loyal
911,22,Male,105,60,15,9,6,Potential
912,51,Female,52,90,28,19,215,Loyal
913,23,Male,100,65,24,5,134,Potential
914,19,Male,80,84,72,22,285,Loyal
915,30,Male,80,28,107,24,126,Potential
916,60,Female,117,16,9,6,337,Potential
917,60,Female,47,47,47,3,174,Potential
918,65,Male,62,81,33,22,152,Loyal
919,28,Female,105,92,62,1,331,Potential
920,68,Male,36,58,97,20,26,Potential
921,64,Female,117,76,19,22,115,Loyal
922,40,Male,117,27,67,16,284,Potential
923,33,Male,84,53,74,23,75,Potential
924,48,Female,93,42,40,11,166,Potential
925,28,Male,104,59,47,13,189,Potential
926,33,Female,24,47,106,10,78,Potential
927,25,Female,21,94,65,3,90,Potential
928,21,Male,41,34,29,9,176,Potential
929,57,Male,131,37,50,12,21,Potential
930,21,Female,76,6,98,23,54,Potential
931,42,Male,85,7,115,14,184,Potential
932,20,Male,93,96,13,1,359,Potential
933,49,Male,117,96,118,18,222,Loyal
934,20,Male,131,25,1,17,315,Potential
935,44,Male,144,33,34,9,328,Potential
936,46,Female,105,55,93,9,179,Potential
937,49,Female,95,58,48,23,276,Potential
938,67,Male,107,7,111,10,112,Potential
939,68,Male,57,57,77,19,224,Potential
940,36,Male,78,12,48,15,214,Potential
941,38,Female,118,16,49,5,59,Potential
942,22,Male,82,80,117,15,327,Loyal
943,35,Female,68,43,64,20,109,Potential
944,45,Female,51,100,61,23,157,Loyal
945,59,Female,40,77,29,2,191,Potential
946,39,Male,39,7,39,13,200,Potential
947,38,Female,146,100,88,24,312,Loyal
948,23,Male,87,51,26,16,196,Potential
949,18,Female,129,73,17,15,35,Loyal
950,22,Male,135,32,71,10,246,Potential
951,58,Female,139,75,13,14,237,Loyal
952,29,Male,98,8,69,10,104,Potential
953,43,Female,135,97,26,14,7,Loyal
954,63,Male,111,87,49,23,283,Loyal
955,51,Male,33,89,67,9,1,Potential
956,66,Male,144,72,7,14,219,Loyal
957,31,Male,77,45,58,3,230,Potential
958,43,Female,47,86,49,20,172,Loyal
959,62,Female,45,59,103,16,87,Potential
960,44,Male,132,4,53,2,41,At Risk
961,26,Female,85,67,65,10,123,Potential
962,43,Male,63,29,113,3,331,At Risk
963,64,Male,116,29,62,11,298,Potential
964,39,Female,61,98,17,11,178,Loyal
965,64,Male,25,98,43,21,63,Loyal
966,47,Male,42,28,25,21,165,Potential
967,60,Female,108,77,3,22,187,Loyal
968,65,Male,142,79,79,13,209,Loyal
969,34,Male,70,87,29,7,227,Potential
970,43,Male,30,44,117,23,48,Potential
971,53,Male,31,90,107,17,224,Loyal
972,18,Female,93,4,32,2,3,At Risk
973,25,Female,27,90,26,12,175,Loyal
974,66,Female,60,9,16,10,99,Potential
975,52,Male,104,5,25,18,116,Potential
976,69,Male,91,56,54,22,270,Potential
977,32,Female,74,96,28,11,253,Loyal
978,64,Male,66,84,73,16,317,Loyal
979,39,Male,123,50,120,17,95,Potential
980,31,Male,61,75,56,19,273,Loyal
981,43,Male,79,15,65,18,24,Potential
982,45,Female,31,32,93,3,116,At Risk
983,40,Female,149,28,86,21,151,Potential
984,31,Female,26,22,80,16,338,Potential
985,41,Male,99,17,41,6,50,Potential
986,19,Female,128,59,115,12,206,Potential
987,62,Female,22,90,108,11,335,Loyal
988,43,Male,46,71,51,15,79,Loyal
989,31,Male,133,57,118,15,70,Potential
990,68,Female,126,26,105,16,27,Potential
991,24,Female,59,25,71,10,271,Potential
992,20,Female,148,10,78,12,50,Potential
993,64,Female,27,45,29,13,292,Potential
994,40,Male,120,83,83,4,247,Potential
995,63,Female,143,11,19,7,264,Potential
996,60,Female,126,77,66,22,79,Loyal
997,64,Male,120,53,41,2,190,Potential
998,62,Female,23,72,45,15,47,Loyal
999,35,Male,129,68,15,8,361,Potential
1000,55,Male,38,95,3,7,354,Potential
